PrimalacMesto, 
BEOGRAD,956841.76
CACAK,329137.60000000003
KRAGUJEVAC,597498.2400000001
NIS,167923.2
NOVI PAZAR,102860.8
NOVI SAD,487059.2
